id,email,name,day,start,end,location,color,created_at
1,imabode999@tvtc.com,نظم التشغيل 2,sun,08:00,11:20,1660310201,#E3A857,2026-09-22 13:29
3,imabode999@tvtc.com,نظم التشغيل 2,mon,10:00,11:40,1661310205,#E3A857,2026-09-22 13:33
4,imabode999@tvtc.com,مشروع,sun,12:50,15:40,,#5B9BD5,2026-09-22 13:34
5,imabode999@tvtc.com,السلوك الوظيفي و المستقبل المهني,mon,12:00,13:40,1662210103,#D96A93,2026-09-22 13:36
6,imabode999@tvtc.com,انجليزي 4,mon,14:00,15:40,1661310102,#7FAF7A,2026-09-22 13:38
7,imabode999@tvtc.com,انجليزي 4,tue,12:00,13:40,1661310101,#7FAF7A,2026-09-22 13:39
8,imabode999@tvtc.com,التاهيل للشهادات الاحترافيه,tue,14:00,14:50,1661310205,#9B7FC4,2026-09-22 13:41
9,imabode999@tvtc.com,مقدمه في امن الشبكات,wed,08:00,11:40,1660310204,#C08560,2026-09-22 13:43
10,imabode999@tvtc.com,مهارات الدعم الفني,thu,08:00,11:20,1660310201,#4FB8AE,2026-09-22 13:45
